variable.name,data.file,survey.section,variable.description,variable.type,question.text,values.notes
response_id,background-clean.csv,background,Artificial respondent identifier,"identifier, integer",,Artificial identifier; does not encode source row or submission time. Join the two individual-response files by this column. Background has 51 consenting respondents; interests has 49; 49 consented to both.
prog.prof,background-clean.csv,background,Self-rated proficiency in programming,"ordinal, character","How would you describe your proficiency with programming, relative to a typical undergraduate student?

Consider a 'typical' student to mean a current UCSB undergraduate from any major and any class standing.
","beg = Beginner; int = Intermediate; adv = Advanced. Relative to a typical current UCSB undergraduate from any major and class standing. Numeric scores 1, 2, 3 impose equal spacing between categories."
prog.comf,background-clean.csv,background,Self-rated comfort with programming,"ordinal, numeric","Regardless of your skill level, how would you describe your comfort level with programming?","Original numeric response; observed values are 2, 3, 4, 5. "
math.prof,background-clean.csv,background,Self-rated proficiency in mathematics,"ordinal, character","How would you describe your proficiency with mathematics, relative to a typical undergraduate student?

Consider a 'typical' student to mean a current UCSB undergraduate from any major and any class standing.
","beg = Beginner; int = Intermediate; adv = Advanced. Relative to a typical current UCSB undergraduate from any major and class standing. Numeric scores 1, 2, 3 impose equal spacing between categories."
math.comf,background-clean.csv,background,Self-rated comfort with mathematics,"ordinal, numeric","Regardless of your skill level, how would you describe your comfort level with mathematics?","Original numeric response; observed values are 2, 3, 4, 5. "
stat.prof,background-clean.csv,background,Self-rated proficiency in statistics and probability,"ordinal, character","How would you describe your proficiency with statistics and probability, relative to a typical undergraduate student?

Consider a 'typical' student to mean a current UCSB undergraduate from any major and any class standing.
","beg = Beginner; int = Intermediate; adv = Advanced. Relative to a typical current UCSB undergraduate from any major and class standing. Numeric scores 1, 2, 3 impose equal spacing between categories."
stat.comf,background-clean.csv,background,Self-rated comfort with statistics and probability,"ordinal, numeric","Regardless of your skill level, how would you describe your comfort level with statistics and probability?","Original numeric response; observed values are 2, 3, 4, 5. "
upper_div_courses,background-clean.csv,background,"Approximate number of upper-division courses in statistics/probability, mathematics, or programming","ordinal, character","All together, about how many upper-division UCSB courses (or transferrable equivalents) have you taken in at least one of the above areas (statistics and probability, mathematics, and programming)?",3-5; 6-8; 9+
courses,background-clean.csv,background,Completed courses selected by the respondent,"multiple selection, character","Which of the following classes have you completed? Please check all that apply.

For a series (e.g., PSTAT 120A-B), check the box if you have taken any course in the series.

Please do not include courses in progress.",Comma-separated course labels in one cell. A series label means at least one course in that series. Excludes courses in progress. Split into one respondent/course per row to count selections; denominator for proportions is 51 shared background respondents.
domain_specialization,background-clean.csv,background,Whether the respondent reports a domain specialization,"categorical, character","Would you describe yourself as having any domain specialization (e.g. biology, linguistics, environmental science, physics, etc.)?

Consider ""domain specialization"" to mean upper-division coursework or equivalent experience in any field.",Yes; No; Unsure. The accompanying free-text description is excluded.
research,background-clean.csv,background,"Any supervised research experience, combining data-science and other research","categorical, character","Not including class projects or personal projects, do you have any experience doing supervised research activity involving data science?

Not including class projects or personal projects, do you have any experience doing supervised research activity not involving data science?",Derived: Yes if either source response is Yes; No if both are No; Unsure otherwise. Excludes class and personal projects. Research-type distinctions and free-text descriptions are excluded.
response_id,interest-clean.csv,project interests,Artificial respondent identifier,"identifier, integer",,Artificial identifier; does not encode source row or submission time. Join the two individual-response files by this column. Background has 51 consenting respondents; interests has 49; 49 consented to both.
type,interest-clean.csv,project interests,Preference for an industry or research-lab project,"categorical, character",Do you have any preference regarding working on an industry project or a research lab project?,ind = industry; lab = research lab; both = no preference. The code both does not indicate an explicit request for both types.
language,interest-clean.csv,project interests,Preferred programming language,"categorical, character",Would you prefer to work with a specific programming language?,R; Python; No preference.
domains,interest-clean.csv,project interests,Application domains of interest,"multiple selection, character",Which of the following domains are of interest to you? Check all that apply.,"Original multi-selection text, including additional interest labels. Commas separate standard options, but additional text may also contain commas; inspect before splitting."
areas,interest-clean.csv,project interests,Areas of data science of interest,"multiple selection, character",Which of the following areas of data science are of interest to you? Check all that apply.,"Original multi-selection text. Do not split naively on commas: Predictive modeling, generally and Statistical models and inference, generally each contain an internal comma. Match complete option labels instead."
group,class-summary.csv,aggregate summaries,Summary variable or grouping,"categorical, character",,standing; gender; race; primary_major; second_major; consent. Aggregate summaries cover all 55 respondents and have no respondent identifiers.
category,class-summary.csv,aggregate summaries,Category within the summary group,"categorical, character",,"Demographic labels or consent combinations. For consent, the format is skills consent / project consent, with Yes or No for each. Obvious major spelling variants are consolidated; ambiguous majors remain distinct. The free-text gender response is labeled Another self-description; Junior (senior credits) remains separate. None reported denotes no reported second major."
n,class-summary.csv,aggregate summaries,Number of respondents in the category,"count, integer",,Counts within each group sum to 55. Do not add counts across groups as though they represented distinct respondents.
percent,class-summary.csv,aggregate summaries,Percentage of all survey respondents in the category,numeric,,"100 * n / 55, rounded to one decimal place; values range from 0 to 100, not 0 to 1. Rounded percentages may not sum to exactly 100."
date,response-timing.csv,aggregate response timing,Local calendar date of submission,date,Timestamp,"YYYY-MM-DD. Source timestamps have no timezone metadata and are assumed to be America/Los_Angeles. Includes each date from the first to last response, including zero-response dates. Individual timestamps are excluded."
n,response-timing.csv,aggregate response timing,Number of survey responses submitted on that date,"count, integer",,"Daily counts cover all 55 responses. Assignment deadline: October 4, 2026, 11:59 p.m. Pacific. Original timestamps give 54 on-time and 1 late response; exact deadline classification cannot generally be reconstructed from daily counts alone."