response_id,prog.prof,prog.comf,math.prof,math.comf,stat.prof,stat.comf,upper_div_courses,courses,domain_specialization,research
1001,int,4.0,int,4.0,adv,5.0,9+,"PSTAT 115, PSTAT 120, PSTAT 122, PSTAT 126, PSTAT 127, PSTAT 131, PSTAT 160, CS 9",Yes,No
1002,int,4.0,int,3.0,int,5.0,6-8,"PSTAT 120, PSTAT 126, CS 9, LING 110",Yes,Yes
1003,beg,3.0,int,3.0,adv,4.0,6-8,"PSTAT 120, PSTAT 122, PSTAT 126, PSTAT 131, PSTAT 160, CS 9",Yes,No
1004,adv,4.0,adv,5.0,adv,5.0,9+,"PSTAT 100, PSTAT 120, PSTAT 122, PSTAT 126, PSTAT 131, PSTAT 160, CS 16",No,No
1005,adv,4.0,int,4.0,adv,5.0,6-8,"PSTAT 120, PSTAT 131, PSTAT 160, CS 5, CS 9",No,No
1006,int,4.0,int,2.0,adv,4.0,9+,"PSTAT 100, PSTAT 120, PSTAT 122, PSTAT 126, PSTAT 131, PSTAT 134, PSTAT 160",Yes,No
1007,int,3.0,int,3.0,int,3.0,9+,"PSTAT 120, PSTAT 122, PSTAT 126, PSTAT 131, PSTAT 160, CS 5, CS 9",Unsure,Yes
1008,int,3.0,int,4.0,adv,4.0,9+,"PSTAT 120, PSTAT 122, PSTAT 126, PSTAT 131, PSTAT 160, PSTAT 175, CS 5, CS 9",No,Unsure
1009,int,4.0,adv,4.0,adv,4.0,9+,"PSTAT 100, PSTAT 120, PSTAT 122, PSTAT 126, PSTAT 131, CS 9",No,Yes
1010,int,4.0,int,5.0,adv,5.0,9+,"PSTAT 100, PSTAT 115, PSTAT 120, PSTAT 122, PSTAT 126, PSTAT 131, PSTAT 134, PSTAT 160, PSTAT 174, PSTAT 175, CS 9, CS 16",Unsure,Yes
1011,beg,3.0,int,3.0,int,3.0,3-5,"PSTAT 100, PSTAT 120, PSTAT 122, PSTAT 126, CS 9, CS 16",Yes,Unsure
1012,int,3.0,int,2.0,adv,4.0,9+,"PSTAT 115, PSTAT 120, PSTAT 122, PSTAT 126, PSTAT 127, PSTAT 131, PSTAT 160, CS 9",No,No
1013,adv,4.0,adv,4.0,adv,4.0,9+,"PSTAT 120, PSTAT 122, PSTAT 126, PSTAT 131, PSTAT 134, PSTAT 160, GEOG 186",Yes,Yes
1014,int,3.0,adv,4.0,adv,4.0,6-8,"PSTAT 100, PSTAT 120, PSTAT 126, PSTAT 131, PSTAT 160, CS 9",No,Unsure
1015,int,3.0,int,4.0,adv,4.0,6-8,"PSTAT 100, PSTAT 120, PSTAT 122, PSTAT 126, PSTAT 131, CS 9",Yes,Yes
1016,adv,5.0,adv,4.0,adv,5.0,9+,"PSTAT 100, PSTAT 115, PSTAT 120, PSTAT 122, PSTAT 126, PSTAT 131, PSTAT 134, PSTAT 160, PSTAT 174, CS 9",No,No
1017,adv,4.0,adv,4.0,adv,5.0,6-8,"PSTAT 100, PSTAT 122, PSTAT 126, PSTAT 131, PSTAT 134, CS 9",No,No
1020,int,3.0,adv,4.0,int,3.0,9+,"PSTAT 126, PSTAT 131, PSTAT 160, PSTAT 174, CS 16",No,No
1021,int,4.0,adv,5.0,adv,5.0,6-8,"PSTAT 120, PSTAT 122, PSTAT 126, PSTAT 131, CS 9",No,Yes
1022,int,4.0,int,4.0,adv,5.0,9+,"PSTAT 120, PSTAT 122, PSTAT 126, PSTAT 131, PSTAT 160, CS 9, LING 104, LING 110",Yes,No
1023,int,5.0,int,4.0,adv,5.0,9+,"PSTAT 100, PSTAT 120, PSTAT 122, PSTAT 126, PSTAT 131, PSTAT 134, CS 9",No,No
1024,int,3.0,adv,2.0,adv,3.0,9+,"PSTAT 100, PSTAT 115, PSTAT 120, PSTAT 122, PSTAT 126, PSTAT 127, PSTAT 131, PSTAT 160, CS 9",No,No
1025,int,3.0,adv,4.0,adv,4.0,9+,"PSTAT 120, PSTAT 122, PSTAT 126, PSTAT 131, PSTAT 160, CS 9",No,No
1027,adv,3.0,adv,5.0,adv,4.0,9+,"PSTAT 120, PSTAT 122, PSTAT 126, PSTAT 131, PSTAT 160, CS 5, CS 9",Yes,Yes
1028,int,3.0,int,4.0,adv,4.0,9+,"PSTAT 100, PSTAT 120, PSTAT 126, PSTAT 131, PSTAT 160, CS 9",No,Yes
1029,adv,5.0,int,4.0,int,4.0,9+,"PSTAT 120, PSTAT 122, PSTAT 126, PSTAT 131, PSTAT 134, PSTAT 160, PSTAT 174, CS 9",Yes,Yes
1030,int,3.0,adv,5.0,adv,4.0,6-8,"PSTAT 100, PSTAT 120, PSTAT 122, PSTAT 126, CS 9",Yes,No
1031,adv,4.0,adv,5.0,adv,4.0,6-8,"PSTAT 100, PSTAT 120, PSTAT 122, PSTAT 126, PSTAT 131, CS 9",No,Yes
1032,int,3.0,int,4.0,adv,4.0,6-8,"PSTAT 120, PSTAT 122, PSTAT 126, PSTAT 131, PSTAT 174, CS 16",Unsure,No
1033,int,4.0,int,4.0,int,3.0,6-8,"PSTAT 100, PSTAT 120, PSTAT 122, PSTAT 126, PSTAT 131, PSTAT 134, PSTAT 175, CS 9, CS 16",Unsure,Yes
1034,adv,4.0,adv,5.0,adv,4.0,9+,"PSTAT 100, PSTAT 120, PSTAT 122, PSTAT 126, PSTAT 131, PSTAT 174, PSTAT 175, CS 9",No,No
1035,int,3.0,int,3.0,int,3.0,6-8,"PSTAT 100, PSTAT 120, PSTAT 122, PSTAT 126, PSTAT 131, PSTAT 174, CS 9",No,Unsure
1036,adv,4.0,int,3.0,int,3.0,9+,"PSTAT 100, PSTAT 120, PSTAT 122, PSTAT 126, PSTAT 131, PSTAT 160",No,Yes
1037,int,4.0,adv,5.0,int,4.0,9+,"PSTAT 120, PSTAT 122, PSTAT 126, PSTAT 131, PSTAT 134, PSTAT 160, CS 16",Yes,No
1038,int,3.0,int,4.0,int,4.0,3-5,"PSTAT 100, PSTAT 120, PSTAT 122, PSTAT 126, PSTAT 131, PSTAT 160, CS 5, CS 9",Unsure,No
1039,int,3.0,int,3.0,int,4.0,6-8,"PSTAT 100, PSTAT 120, PSTAT 126, PSTAT 160, PSTAT 175, CS 16",Yes,Yes
1040,int,3.0,adv,5.0,int,4.0,9+,"PSTAT 100, PSTAT 120, PSTAT 122, PSTAT 126, PSTAT 127, PSTAT 131, PSTAT 160, CS 9, CS 16",No,No
1041,adv,5.0,int,5.0,adv,5.0,9+,"PSTAT 100, PSTAT 115, PSTAT 120, PSTAT 122, PSTAT 126, PSTAT 127, PSTAT 131, PSTAT 134, PSTAT 160, PSTAT 174, CS 9",Yes,Yes
1042,adv,5.0,adv,4.0,adv,5.0,6-8,"PSTAT 100, PSTAT 120, PSTAT 122, PSTAT 126, PSTAT 131, CS 9",Yes,Yes
1043,int,2.0,int,3.0,adv,4.0,9+,"PSTAT 100, PSTAT 120, PSTAT 122, PSTAT 126, PSTAT 131, PSTAT 134, PSTAT 160, PSTAT 174, CS 9",Unsure,No
1044,int,3.0,int,4.0,int,4.0,9+,"PSTAT 120, PSTAT 126, PSTAT 127, PSTAT 160, PSTAT 174, CS 9",No,Yes
1045,adv,4.0,adv,4.0,adv,4.0,9+,"PSTAT 120, PSTAT 122, PSTAT 126, PSTAT 131, PSTAT 160",Unsure,Yes
1046,int,5.0,int,2.0,int,4.0,6-8,"PSTAT 100, PSTAT 120, PSTAT 122, PSTAT 126, PSTAT 127, PSTAT 131, PSTAT 160, CS 16",No,No
1047,adv,4.0,int,4.0,int,4.0,9+,"PSTAT 120, PSTAT 122, PSTAT 126, PSTAT 131, PSTAT 134, PSTAT 160, CS 9",No,Yes
1048,adv,4.0,adv,5.0,adv,4.0,9+,"PSTAT 120, PSTAT 122, PSTAT 126, PSTAT 131, CS 9, CS 16, CS 130",No,Yes
1049,beg,3.0,int,3.0,int,3.0,9+,"PSTAT 120, PSTAT 122, PSTAT 126, PSTAT 131, PSTAT 160, PSTAT 174, CS 9",No,No
1050,int,3.0,adv,5.0,adv,5.0,6-8,"PSTAT 100, PSTAT 120, PSTAT 122, PSTAT 126, PSTAT 131",Yes,No
1051,int,5.0,int,4.0,int,5.0,6-8,"PSTAT 100, PSTAT 120, PSTAT 122, PSTAT 126, PSTAT 131, CS 9",Yes,Yes
1052,int,4.0,int,4.0,int,3.0,9+,"PSTAT 115, PSTAT 120, PSTAT 122, PSTAT 126, PSTAT 131, PSTAT 134, PSTAT 160, PSTAT 174, PSTAT 175, CS 9",No,Yes
1054,int,4.0,int,5.0,adv,5.0,6-8,"PSTAT 100, PSTAT 120, PSTAT 122, PSTAT 126, PSTAT 131, PSTAT 160, CS 9",Unsure,No
1055,adv,5.0,adv,5.0,adv,5.0,6-8,"PSTAT 120, PSTAT 126, PSTAT 131, PSTAT 160, CS 9",Yes,Yes
