response_id,type,language,domains,areas
1001,both,R,"Environmental science, Social or political science, Technology","Spatial statistics or time series analysis, Data acquisition and engineering, Data visualization and interactive dashboards, Predictive modeling, generally, Statistical models and inference, generally"
1002,ind,Python,"Environmental science, Social or political science, Public health, Technology, Software development, AI","Analysis or classification of images, Spatial statistics or time series analysis, Data acquisition and engineering, Natural language processing and analysis of text, Model deployment and software or web integrations, Predictive modeling, generally, Statistical models and inference, generally, Databases, Algorithms"
1003,lab,No preference,"Environmental science, Social or political science, Ecology, Biology, Public health, Neuroscience, Technology, Software development","Analysis or classification of images, Deep learning and neural networks, Spatial statistics or time series analysis, Data acquisition and engineering, Natural language processing and analysis of text, Model deployment and software or web integrations, Data visualization and interactive dashboards, Predictive modeling, generally, Statistical models and inference, generally, Databases"
1004,ind,Python,"Biology, Neuroscience, Technology, Software development","Deep learning and neural networks, Natural language processing and analysis of text, Data visualization and interactive dashboards, Databases, Algorithms"
1005,both,No preference,"Social or political science, Public health, Neuroscience, Technology, Software development","Analysis or classification of images, Deep learning and neural networks, Spatial statistics or time series analysis, Data acquisition and engineering, Natural language processing and analysis of text, Model deployment and software or web integrations, Data visualization and interactive dashboards, Predictive modeling, generally, Statistical models and inference, generally, Databases"
1006,ind,No preference,"Social or political science, Technology, Software development","Deep learning and neural networks, Data acquisition and engineering, Model deployment and software or web integrations, Data visualization and interactive dashboards, Predictive modeling, generally, Databases"
1007,both,No preference,"Environmental science, Social or political science, Ecology, Biology, Public health, Neuroscience, Technology, Software development","Analysis or classification of images, Deep learning and neural networks, Spatial statistics or time series analysis, Data acquisition and engineering, Natural language processing and analysis of text, Model deployment and software or web integrations, Data visualization and interactive dashboards, Predictive modeling, generally, Statistical models and inference, generally, Databases, Algorithms"
1008,ind,Python,"Environmental science, Biology, Public health, Neuroscience, Technology, Software development","Analysis or classification of images, Deep learning and neural networks, Data acquisition and engineering, Data visualization and interactive dashboards, Predictive modeling, generally, Statistical models and inference, generally, Databases"
1009,ind,R,"Biology, Neuroscience, Technology, Software development","Analysis or classification of images, Deep learning and neural networks, Spatial statistics or time series analysis, Data acquisition and engineering, Natural language processing and analysis of text, Data visualization and interactive dashboards, Predictive modeling, generally, Databases"
1010,ind,No preference,"Public health, Technology, Software development","Analysis or classification of images, Deep learning and neural networks, Data acquisition and engineering, Data visualization and interactive dashboards, Predictive modeling, generally, Statistical models and inference, generally"
1011,ind,No preference,"Biology, Public health, Neuroscience, Technology","Analysis or classification of images, Deep learning and neural networks, Natural language processing and analysis of text, Model deployment and software or web integrations, Data visualization and interactive dashboards, Predictive modeling, generally, Statistical models and inference, generally, Databases, Algorithms"
1012,both,R,"Social or political science, Public health, Technology, Software development","Data acquisition and engineering, Data visualization and interactive dashboards, Predictive modeling, generally, Statistical models and inference, generally, Databases"
1013,ind,No preference,"Environmental science, Social or political science, Ecology, Public health","Spatial statistics or time series analysis, Data acquisition and engineering, Model deployment and software or web integrations, Data visualization and interactive dashboards, Predictive modeling, generally, Statistical models and inference, generally"
1014,ind,Python,"Social or political science, Technology, Software development, Financial Markets, Quantitative Finance, Economics","Spatial statistics or time series analysis, Data acquisition and engineering, Natural language processing and analysis of text, Data visualization and interactive dashboards, Predictive modeling, generally, Statistical models and inference, generally"
1015,ind,Python,Technology,"Analysis or classification of images, Deep learning and neural networks, Natural language processing and analysis of text, Model deployment and software or web integrations, Data visualization and interactive dashboards, Predictive modeling, generally, Statistical models and inference, generally, Databases"
1016,ind,Python,"Biology, Neuroscience, Technology, Software development","Deep learning and neural networks, Spatial statistics or time series analysis, Data acquisition and engineering, Natural language processing and analysis of text, Data visualization and interactive dashboards, Predictive modeling, generally, Statistical models and inference, generally, Databases"
1017,ind,Python,"Social or political science, Neuroscience, Technology, Software development","Analysis or classification of images, Deep learning and neural networks, Spatial statistics or time series analysis, Data acquisition and engineering, Data visualization and interactive dashboards, Predictive modeling, generally, Statistical models and inference, generally, Databases, Algorithms"
1020,ind,Python,"Environmental science, Social or political science, Technology, Software development","Spatial statistics or time series analysis, Data acquisition and engineering, Data visualization and interactive dashboards, Predictive modeling, generally, Statistical models and inference, generally"
1021,ind,Python,"Biology, Public health, Neuroscience, Technology, Software development","Analysis or classification of images, Deep learning and neural networks, Natural language processing and analysis of text, Model deployment and software or web integrations, Predictive modeling, generally, Databases, Algorithms"
1022,ind,No preference,"Social or political science, Technology, Software development","Analysis or classification of images, Deep learning and neural networks, Natural language processing and analysis of text, Model deployment and software or web integrations, Data visualization and interactive dashboards, Predictive modeling, generally, Statistical models and inference, generally"
1023,both,Python,Biology,"Deep learning and neural networks, Natural language processing and analysis of text, Data visualization and interactive dashboards, Databases"
1024,both,Python,"Environmental science, Social or political science, Technology","Deep learning and neural networks, Spatial statistics or time series analysis, Predictive modeling, generally"
1025,lab,R,"Environmental science, Social or political science, Technology, Software development","Deep learning and neural networks, Data acquisition and engineering, Data visualization and interactive dashboards, Predictive modeling, generally, Algorithms"
1027,lab,R,"Biology, Public health, Neuroscience","Analysis or classification of images, Data acquisition and engineering, Data visualization and interactive dashboards, Predictive modeling, generally, Statistical models and inference, generally"
1028,ind,Python,"Environmental science, Neuroscience, Technology, Software development","Analysis or classification of images, Deep learning and neural networks, Spatial statistics or time series analysis, Data acquisition and engineering, Model deployment and software or web integrations, Predictive modeling, generally, Algorithms"
1029,ind,Python,"Technology, Software development, Defense","Analysis or classification of images, Deep learning and neural networks, Spatial statistics or time series analysis, Data acquisition and engineering, Model deployment and software or web integrations, Predictive modeling, generally"
1030,ind,No preference,"Environmental science, Social or political science, Public health, Technology","Model deployment and software or web integrations, Data visualization and interactive dashboards, Predictive modeling, generally, Statistical models and inference, generally, Databases"
1031,lab,R,"Social or political science, Public health, Neuroscience, Technology","Deep learning and neural networks, Spatial statistics or time series analysis, Natural language processing and analysis of text, Data visualization and interactive dashboards, Predictive modeling, generally, Statistical models and inference, generally, Databases, Algorithms"
1032,ind,R,"Technology, Software development","Deep learning and neural networks, Spatial statistics or time series analysis, Data acquisition and engineering, Model deployment and software or web integrations, Data visualization and interactive dashboards, Predictive modeling, generally, Statistical models and inference, generally, Databases"
1033,ind,Python,"Environmental science, Biology, Public health, Neuroscience, Technology, Software development","Analysis or classification of images, Deep learning and neural networks, Data acquisition and engineering, Natural language processing and analysis of text, Model deployment and software or web integrations, Data visualization and interactive dashboards, Predictive modeling, generally"
1034,ind,No preference,"Environmental science, Biology, Public health, Neuroscience, Technology, Software development","Analysis or classification of images, Deep learning and neural networks, Data acquisition and engineering, Natural language processing and analysis of text, Data visualization and interactive dashboards, Predictive modeling, generally"
1035,ind,No preference,"Environmental science, Biology, Public health, Neuroscience, Technology","Analysis or classification of images, Deep learning and neural networks, Spatial statistics or time series analysis, Predictive modeling, generally, Statistical models and inference, generally, Algorithms"
1036,ind,No preference,"Biology, Neuroscience, Technology, Software development","Analysis or classification of images, Deep learning and neural networks, Data acquisition and engineering, Natural language processing and analysis of text, Model deployment and software or web integrations, Data visualization and interactive dashboards, Databases"
1037,both,Python,"Technology, Software development","Deep learning and neural networks, Data acquisition and engineering, Model deployment and software or web integrations, Predictive modeling, generally, Statistical models and inference, generally, Databases, Algorithms"
1039,both,No preference,"Social or political science, Biology, Public health, Neuroscience, Technology, Software development","Analysis or classification of images, Deep learning and neural networks, Spatial statistics or time series analysis, Natural language processing and analysis of text, Model deployment and software or web integrations, Data visualization and interactive dashboards, Predictive modeling, generally, Statistical models and inference, generally"
1040,ind,R,"Environmental science, Ecology, Technology, Software development","Analysis or classification of images, Deep learning and neural networks, Spatial statistics or time series analysis, Natural language processing and analysis of text, Predictive modeling, generally, Statistical models and inference, generally"
1041,ind,Python,"Biology, Public health, Neuroscience, Technology, Software development","Analysis or classification of images, Deep learning and neural networks, Spatial statistics or time series analysis, Data acquisition and engineering, Natural language processing and analysis of text, Model deployment and software or web integrations, Predictive modeling, generally, Databases, Algorithms"
1042,both,R,"Environmental science, Ecology","Deep learning and neural networks, Spatial statistics or time series analysis, Model deployment and software or web integrations, Data visualization and interactive dashboards, Predictive modeling, generally, Statistical models and inference, generally, Databases, Algorithms"
1043,ind,R,"Environmental science, Technology, Sports/Economics/Finance","Data acquisition and engineering, Data visualization and interactive dashboards, Predictive modeling, generally, Statistical models and inference, generally, Databases, Algorithms"
1044,ind,Python,"Biology, Neuroscience, Technology, Music","Spatial statistics or time series analysis, Data acquisition and engineering, Algorithms"
1045,both,Python,"Environmental science, Public health, Technology, Software development","Analysis or classification of images, Deep learning and neural networks, Spatial statistics or time series analysis, Data acquisition and engineering, Data visualization and interactive dashboards, Predictive modeling, generally, Statistical models and inference, generally, Databases, Algorithms"
1047,ind,Python,"Technology, Software development","Deep learning and neural networks, Natural language processing and analysis of text, Model deployment and software or web integrations, Databases, Algorithms"
1048,lab,Python,"Biology, Neuroscience, Technology","Analysis or classification of images, Deep learning and neural networks, Natural language processing and analysis of text, Algorithms"
1049,ind,No preference,"Environmental science, Social or political science, Biology, Neuroscience, Technology, Software development","Deep learning and neural networks, Model deployment and software or web integrations, Predictive modeling, generally, Statistical models and inference, generally, Databases, Algorithms"
1050,ind,Python,"Social or political science, Public health, Technology, Software development","Analysis or classification of images, Deep learning and neural networks, Data visualization and interactive dashboards, Predictive modeling, generally, Statistical models and inference, generally, Databases, Algorithms"
1051,ind,R,"Public health, Neuroscience, Technology, Software development","Deep learning and neural networks, Natural language processing and analysis of text, Model deployment and software or web integrations, Data visualization and interactive dashboards, Predictive modeling, generally, Statistical models and inference, generally, Algorithms"
1052,both,No preference,"Environmental science, Social or political science, Biology, Public health, Neuroscience, Technology, Software development","Analysis or classification of images, Deep learning and neural networks, Spatial statistics or time series analysis, Natural language processing and analysis of text, Model deployment and software or web integrations, Predictive modeling, generally, Databases, Algorithms"
1054,lab,No preference,"Environmental science, Biology, Public health, Neuroscience, Technology","Analysis or classification of images, Deep learning and neural networks, Spatial statistics or time series analysis, Natural language processing and analysis of text, Data visualization and interactive dashboards, Predictive modeling, generally"
1055,ind,Python,"Social or political science, Biology, Public health, Neuroscience, Technology, Software development","Deep learning and neural networks, Data acquisition and engineering, Model deployment and software or web integrations, Predictive modeling, generally, Statistical models and inference, generally, Databases, Algorithms"
